<PAMDataset>
  <PAMRasterBand band="1">
    <Histograms>
      <HistItem>
        <HistMin>0.5113636363636364</HistMin>
        <HistMax>44.48863636363637</HistMax>
        <BucketCount>44</BucketCount>
        <IncludeOutOfRange>0</IncludeOutOfRange>
        <Approximate>0</Approximate>
        <HistCounts>5162|519511|57942|10618|7375|5515|6736|803|2167|4769|20615|668157|0|0|0|9129|0|352848|0|532499|187925|0|208800|134003|268536|951|16216|0|19056|1092|0|0|0|0|2572|5605|809|0|296|5964|10584|0|4275|585</HistCounts>
      </HistItem>
    </Histograms>
    <Metadata>
      <MDI key="STATISTICS_MAXIMUM">44</MDI>
      <MDI key="STATISTICS_MEAN">15.559416693936</MDI>
      <MDI key="STATISTICS_MINIMUM">1</MDI>
      <MDI key="STATISTICS_STDDEV">8.1746020386846</MDI>
      <MDI key="STATISTICS_VALID_PERCENT">51.14</MDI>
    </Metadata>
  </PAMRasterBand>
</PAMDataset>
